circuit_names,total_gate_num,time
test/120.qasm,680.0,201.16545391082764
test/121.qasm,656.0,86.72874903678894
test/122.qasm,611.0,123.55644106864929
test/123.qasm,635.0,130.77069306373596
test/124.qasm,665.0,129.09139108657837
test/125.qasm,668.0,154.1178913116455
test/126.qasm,653.0,87.84902000427246
test/127.qasm,662.0,73.63868355751038
test/128.qasm,638.0,119.54058790206909
test/129.qasm,668.0,141.38460111618042
