circuit_names,total_gate_num,time
test/120.qasm,713.0,31.37804126739502
test/121.qasm,665.0,29.176026344299316
test/122.qasm,650.0,29.368321418762207
test/123.qasm,701.0,26.575663089752197
test/124.qasm,704.0,23.68788766860962
test/125.qasm,698.0,32.528900384902954
test/126.qasm,734.0,26.153498649597168
test/127.qasm,692.0,30.069000482559204
test/128.qasm,665.0,32.259989976882935
test/129.qasm,716.0,37.91564154624939
